
insert into question_category(text) values
    ('hard_fact'),
    ('lifestyle'),
    ('introversion'),
    ('passion');

insert into question_type(text) values
    ('single_choice'),
    ('single_choice_conditional'),
    ('number_range');

insert into question(id, question_text,
        category_text, question_type_text, is_conditional,
        options, expected_answer, cond_quest_id)
        values
    (1, 'What is your gender?',
        'hard_fact', 'single_choice', false,
        'male;female;other', null, null),
    (2, 'How important is the gender of your partner?',
        'hard_fact', 'single_choice', false,
        'not important;important;very important', null, null),
    (3, 'How important is the age of your partner to you?',
        'hard_fact', 'single_choice_conditional', false,
        'not important;important;very important', 'very important', '4'),
    (4, 'What age should your potential partner be?',
        'hard_fact', 'number_range', true,
        '18;140', null, null),
    (5, 'Do any children under the age of 18 live with you?',
        'hard_fact', 'single_choice', false,
        'yes;sometimes;no', null, null),
    (6, 'How should your potential partner respond to this question?',
        'lifestyle', 'single_choice', false,
        'yes;sometimes;no', null, null),
    (7, 'Could you imagine having children with your potential partner?',
        'lifestyle', 'single_choice', false,
        'yes;maybe;no', null, null),
    (8, 'How should your potential partner respond to this question?',
        'lifestyle', 'single_choice', false,
        'yes;maybe;no', null, null),
    (9, 'What is your marital status?',
        'hard_fact', 'single_choice', false,
        'never married;separated;divorced;widowed', null, null),
    (10, 'How often do your drink alcohol?',
        'lifestyle', 'single_choice', false,
        'once or twice a year;once or twice a month;once or twice a week;I''m drinking my 3rd mojito now, and it''s only 11am', null, null),
    (11, 'How often do you smoke?',
        'lifestyle', 'single_choice', false,
        'never;once or twice a year;socially;frequently', null, null),
    (12, 'What is your attitude towards drugs?',
        'lifestyle', 'single_choice', false,
        'I''m completely opposed;I''ve been know to dabble;drugs enrich my life', null, null),
    (13, 'You are looking for...',
        'lifestyle', 'single_choice', false,
        'friendship;a hot date;an affair;a short-term relationship;a long-term relationship', null, null),
    (14, 'Would you like to get married?',
        'lifestyle', 'single_choice', false,
        'yes;probably;eventually;no', null, null),
    (15, 'What is your ideal living arrangement?',
        'lifestyle', 'single_choice', false,
        'cohabitation;separate flat / room in the same building;separate flats in the same area;weekend-relationship;long distance relationship', null, null),
    (16, 'Do you enjoy spending time alone?',
        'introversion', 'single_choice', false,
        'most of the time;often;sometimes;rarely;not at all', null, null),
    (17, 'When you''re alone, do you get lonely quickly?',
        'introversion', 'single_choice', false,
        'most of the time;often;sometimes;rarely;not at all', null, null),
    (18, 'Do you enjoy going on holiday by yourself?',
        'introversion', 'single_choice', false,
        'most of the time;often;sometimes;rarely;not at all', null, null),
    (19, 'I consciously take \"me time\"',
        'introversion', 'single_choice', false,
        'most of the time;often;sometimes;rarely;not at all', null, null),
    (20, 'Should one keep little secrets from one''s partner?',
        'introversion', 'single_choice', false,
        'most of the time;often;sometimes;rarely;not at all', null, null),
    (21, 'How often do you think about sex?',
        'passion', 'single_choice', false,
        'a few times a day;daily;a few times a week;a few times a month;rarely', null, null),
    (22, 'If you were alone on a desert island, how long would you last before pleasuring yourself?',
        'passion', 'single_choice', false,
        'less than a day;one day;one week;one month;I''d never do something like that', null, null),
    (23, 'How often would you like to have sex with your prospective partner?',
        'passion', 'single_choice', false,
        'every day;a few times a week;once a week;every two weeks;infrequently;rarely', null, null),
    (24, 'Do you like trying out new things in bed and experimenting?',
        'passion', 'single_choice', false,
        'Yes, definitely!;Now and then - why not?;I''d give it a try;I don''t know;Absolutely not', null, null),
    (25, 'I can enjoy sex without love',
        'passion', 'single_choice', false,
        'always;often;sometimes;rarely;never', null, null),
    (26, 'For me, a stable relationship is a prerequisite for really good sex',
        'passion', 'single_choice', false,
        'always;often;sometimes;rarely;never', null, null);
